{"cameraMode":{"drawMode":0,"name":"Shaded","section":"Shading Mode"},"sceneLighting":true,"audioPlay":false,"sceneViewState":{"m_AlwaysRefresh":false,"showFog":true,"showSkybox":true,"showFlares":true,"showImageEffects":true,"showParticleSystems":true,"showVisualEffectGraphs":true,"m_FxEnabled":true},"in2DMode":false,"pivot":{"x":836.5218505859375,"y":465.6136169433594,"z":47.362213134765628},"rotation":{"x":-0.0916610136628151,"y":0.02213074453175068,"z":-0.002026307163760066,"w":-0.9955666661262512},"size":137.97940063476563,"orthographic":false}